"Guid","Name","SBQQ__MethodName__c","SBQQ__Version__c"
096bf647-5fc0-424f-b755-400759a2948c,a2X3t0000058DSX,SBQQ.RootIdSetterChildSubscriptions,228.7
0af4ed53-5f08-46e0-aa91-0b466cd4b560,a2X3t0000058DS6,createAmendSubscriptionsCustomQleAction,228.7
11f5010c-e219-4bc1-a7b0-07401c502e27,a2X3t0000058DSN,updateOIsWithAssetsContractsSubs,228.7
15c9c3a0-b11d-45a0-8ee7-6b09985aa06b,a2X3t0000058DS7,viewPricingGuidanceLineAction,228.7
28219cc5-adcb-4c21-a149-d640eef919e4,a2X3t0000058DSM,SBQQ.DiscountScheduleRefFieldGenerator,228.7
2dbe4e78-e23d-4e9e-b1c2-b4b16a3560d1,a2X3t0000058DSJ,SBQQ.BatchableDSExclusionGenerator,228.7
40cadc55-12df-404e-97c4-208e8f959940,a2X3t0000058DSK,SBQQ.InstallProcessorBatchThemeGenerator,228.7
42a48882-f4b1-4dbe-ad05-b5eb7793b51f,a2X3t0000058DSP,SBQQ.ProductRuleRefFieldGenerator,228.7
4ef7cd7e-4078-448a-a68a-fece58a50c0a,a2X3t0000058DSD,CalculatorReferencedFieldRemover,228.7
535169fd-edd7-4bb1-aa35-c2a2b995d505,a2X3t0000058DSL,SBQQ.InstallProcessorBatchAssetCombineKey,228.7
591d2794-6090-44c1-b23a-b51ced9ab63e,a2X3t0000058DSY,SBQQ.RootIdSetterChildAssets,228.7
6be54072-6317-42b1-a8ac-2ee622f2ae20,a2X3t0000058DSW,SBQQ.RootIdSetterParentAssets,228.7
6c82ee06-9a55-4829-b87d-70d50c34b098,a2X3t0000058DSU,SBQQ.BatchableConfigAttrReferencedFieldUtil,228.7
7f5dfdf0-c9fe-4abe-b4b8-810c824a489a,a2X3t0000058DST,SBQQ.ProductRefFieldGenerator,228.7
81289e2f-a206-4f35-9ca3-031e41106f47,a2X3t0000058DSB,SBQQ.InstallProcessorBatchRegularPrice,228.7
82c162e5-0dca-406e-b32b-f7d014fdfbef,a2X3t0000058DS8,createConfiguratorEditRulesAction,228.7
96781b25-a743-4263-b630-ca667908a62c,a2X3t0000058DS9,enableFlagToPreventBackdatedAmendments,228.7
9f15f74c-6926-45c0-947d-1589fd97f7b2,a2X3t0000058DSG,SBQQ.InstallProcessorBatchRequiredByAsset,228.7
b0afdab4-5044-4bf1-9561-fb303dc0f1be,a2X3t0000058DS3,createCustomActionsOnQLE,228.7
b8593bcb-023a-4e78-b630-4bdfca71bb94,a2X3t0000058DS4,createViewConsumptionScheduleLineAction,228.7
ba6f2ed9-d783-42d9-b457-ed03e1a1f084,a2X3t0000058DSI,SBQQ.InstallProcessorBatchLocalizationIndex,228.7
bb4a43bd-2549-489e-a340-fb5dfc23e961,a2X3t0000058DSE,SBQQ.BatchablePluginTranspileUtil,228.7
bc038944-f9e6-49b2-94ff-4a540734144c,a2X3t0000058DS5,createExternalConfiguratorCustomAction,228.7
bffc4c30-3e1c-4a33-b196-6999183bbc80,a2X3t0000058DSF,SBQQ.InstallProcessorBatchQLIPriceBookEntry,228.7
d4ef0e33-e5c7-4a0b-b342-4d60c484d432,a2X3t0000058DSH,SBQQ.ReferencedFieldRemover,228.7
d71f9692-86c5-4728-b381-9d4c6ad50e67,a2X3t0000058DSR,SBQQ.InstallProcessorBatchHasCS,228.7
e0b7b687-15a4-41fa-9cb9-4f703ddeaac3,a2X3t0000058DSV,SBQQ.RootIdSetterParentSubscriptions,228.7
e53f061a-51f9-49fa-9643-b06667a9df9d,a2X3t0000058DSO,SBQQ.SummaryVarRefFieldGenerator,228.7
f4a2c069-a98d-440b-9caa-5f0aa7701b35,a2X3t0000058DSQ,SBQQ.PriceRuleRefFieldGenerator,228.7
fb5c6ea6-987d-452d-990b-e86b2bce89a3,a2X3t0000058DSC,SBQQ.InstallProcessorBatchQuantityEditable,228.7
fbc545d7-d3d1-442c-8431-e18ae56e17c9,a2X3t0000058DSS,SBQQ.CustomActionRefFieldGenerator,228.7
fd82ec4e-79c1-420e-b943-e68f75aa1f7d,a2X3t0000058DSA,createAddRecommendedProductsAction,228.7
